{"cameraMode":{"drawMode":0,"name":"Shaded","section":"Shading Mode"},"sceneLighting":false,"audioPlay":false,"sceneViewState":{"showFog":true,"showMaterialUpdate":false,"showSkybox":false,"showFlares":true,"showImageEffects":true,"showParticleSystems":true},"in2DMode":false,"pivot":{"x":-1.9175000190734864,"y":4.5,"z":-0.1550000011920929},"rotation":{"x":0.029993530362844468,"y":-0.011392747983336449,"z":0.0003418888954911381,"w":0.9994854927062988},"size":18.86200523376465,"orthographic":true}